Complexity,Loss,Equation
1,0.14778784,"3.6921613"
3,0.09323511,"x0 / 0.8449595"
4,0.033986278,"square(x0) / x1"
5,0.033986267,"x0 * (x0 / x1)"
6,0.011829129,"square((x0 * 1.6692027) / x1)"
7,0.0011795239,"((6.330443 - x1) * x0) + -7.5986557"
8,9.094947e-14,"x0 * (square(x0 / x1) * 0.88888884)"
11,8.526513e-14,"((0.8888889 / x1) * ((x0 * x0) / x1)) * x0"
13,5.7980286e-14,"((x0 * (x0 / x1)) * (x0 * 0.7917647)) * (1.122668 / x1)"
