{
  "classical_masses_normalized": [
    1.0,
    5.76489309863645,
    8.293880616244527,
    10.042620760857092,
    12.646139281665059,
    13.788315613340355,
    16.688993114225394,
    20.51716623293909
  ],
  "exact_masses": [
    1.0,
    6.401420105502709,
    8.739681318220425,
    9.357715306970322,
    9.357715306970322,
    8.739681318220427,
    6.4014201055027105,
    0.9999999999999984
  ],
  "quantum_corrections": [
    1.0,
    1.1104143643213114,
    1.0537505568988714,
    0.9318001276562875,
    0.739966174541313,
    0.6338469152653196,
    0.383571379153261,
    0.04873967431206742
  ],
  "phi_is_quantum_effect": true,
  "key_insight": "phi appears through non-perturbative quantum corrections to classical E8 Toda spectrum"
}