{
  "undeformed_masses_normalized": [
    1.0,
    2.498911141751842,
    3.450011583004237,
    4.2522712761924515,
    5.2725024549171,
    6.51979200546971,
    7.9480676560864945,
    9.224155956295153
  ],
  "zamolodchikov_masses": [
    1.0,
    1.618033988749895,
    1.9890437907365466,
    2.4048671723720654,
    2.9562952014676114,
    3.2183404585236657,
    3.891156823326854,
    4.783386116752813
  ],
  "interesting_deformations": [
    {
      "trial": 464,
      "ratio_index": 8,
      "ratio": 11.13711680909567,
      "phi_power": 5,
      "phi_n": 11.090169943749476,
      "error": 0.00423319620748037,
      "params": [
        0.02810092502818063,
        -0.21325956261548362,
        0.10126374096440718,
        -0.01581538443723203,
        0.32430929695947336,
        0.23079162506161108,
        -0.018144906924751677,
        -0.010633700253131498
      ],
      "all_ratios": [
        1.0,
        2.300447814180913,
        3.17506968985518,
        3.8124287255227567,
        4.7422943068336885,
        5.855493353077525,
        7.162441650016372,
        11.13711680909567
      ]
    },
    {
      "trial": 892,
      "ratio_index": 8,
      "ratio": 11.027859502031095,
      "phi_power": 5,
      "phi_n": 11.090169943749476,
      "error": 0.0056185290247513136,
      "params": [
        -0.06525282932166453,
        -0.06111771520193271,
        -0.052799402176561365,
        0.13530691601664074,
        -0.32210163559857136,
        0.03955988347629424,
        0.003427181420022223,
        -0.16808704592381205
      ],
      "all_ratios": [
        1.0,
        2.309118761125358,
        3.195187360955438,
        3.8406758667568806,
        4.770804701214752,
        5.894565758964809,
        7.208571584190091,
        11.027859502031095
      ]
    },
    {
      "trial": 861,
      "ratio_index": 8,
      "ratio": 10.783131764592083,
      "phi_power": 5,
      "phi_n": 11.090169943749476,
      "error": 0.027685615343563143,
      "params": [
        -0.06332727047102726,
        -0.009676010318688933,
        0.10108397350203135,
        0.35290551875704845,
        -0.12444864498888658,
        0.044982721372651,
        -0.07075522852941063,
        -0.05387903045767109
      ],
      "all_ratios": [
        1.0,
        2.3048835079961743,
        3.224446626401095,
        3.870909128384066,
        4.801248789694483,
        5.9358784230421655,
        7.26684795610807,
        10.783131764592083
      ]
    },
    {
      "trial": 916,
      "ratio_index": 8,
      "ratio": 10.765384803379304,
      "phi_power": 5,
      "phi_n": 11.090169943749476,
      "error": 0.029285857837843564,
      "params": [
        -0.1375634088786362,
        -0.04736454576511911,
        0.29430483352686215,
        0.07244910603817277,
        0.2369287300811497,
        0.13954340821991854,
        0.024180207155574857,
        0.030140706978111744
      ],
      "all_ratios": [
        1.0,
        2.313762274078318,
        3.217029141019611,
        3.8734462143585424,
        4.807304695880981,
        5.940005842416401,
        7.264403720051495,
        10.765384803379304
      ]
    },
    {
      "trial": 83,
      "ratio_index": 8,
      "ratio": 10.761858781972697,
      "phi_power": 5,
      "phi_n": 11.090169943749476,
      "error": 0.029603798989736765,
      "params": [
        -0.07128457826771643,
        0.010643022769189684,
        -0.02549772174208553,
        0.15039929885826886,
        -0.2650969808393012,
        0.10915068519224619,
        0.1246085192497629,
        -0.20733902324081496
      ],
      "all_ratios": [
        1.0,
        2.317817340395554,
        3.203223479879856,
        3.8600979749671054,
        4.79494542123834,
        5.924490095109464,
        7.246113635774883,
        10.761858781972697
      ]
    },
    {
      "trial": 951,
      "ratio_index": 8,
      "ratio": 10.744259280688436,
      "phi_power": 5,
      "phi_n": 11.090169943749476,
      "error": 0.031190745030557368,
      "params": [
        -0.03754074464839619,
        -0.004882983593370317,
        0.023545579511111435,
        -0.3688365291428444,
        -0.08076505577467649,
        -0.03915699773560393,
        0.15050620386083302,
        -0.10800026083821322
      ],
      "all_ratios": [
        1.0,
        2.301648588433064,
        3.2177593627866017,
        3.863938892898837,
        4.793208656078606,
        5.925936372073869,
        7.255507050120989,
        10.744259280688436
      ]
    },
    {
      "trial": 244,
      "ratio_index": 8,
      "ratio": 10.730539422969175,
      "phi_power": 5,
      "phi_n": 11.090169943749476,
      "error": 0.03242786382935392,
      "params": [
        -0.09057323008626189,
        -0.06537663386488199,
        -0.059566129404349216,
        0.13744380931708175,
        -0.21356742139786955,
        0.3137748533659994,
        0.10560568090660519,
        0.022323891412915967
      ],
      "all_ratios": [
        1.0,
        2.3085451033552515,
        3.187041378697758,
        3.833188750978016,
        4.770788927750377,
        5.890283932758547,
        7.208740426294864,
        10.730539422969175
      ]
    },
    {
      "trial": 724,
      "ratio_index": 8,
      "ratio": 10.712369100870584,
      "phi_power": 5,
      "phi_n": 11.090169943749476,
      "error": 0.03406628075089369,
      "params": [
        0.029746205311781654,
        0.013949779614745887,
        -0.028483693774220137,
        -0.010619409003975316,
        0.3098299434071258,
        -0.02581751380314344,
        0.05101243612500749,
        -0.0649364819613881
      ],
      "all_ratios": [
        1.0,
        2.3235938902126665,
        3.2156432362333724,
        3.8734721041923117,
        4.811836218148527,
        5.9453023419457045,
        7.269063003513074,
        10.712369100870584
      ]
    },
    {
      "trial": 360,
      "ratio_index": 8,
      "ratio": 10.668602879370045,
      "phi_power": 5,
      "phi_n": 11.090169943749476,
      "error": 0.03801267848172429,
      "params": [
        -0.2238231233324972,
        -0.21207001526350663,
        -0.06068651778571754,
        0.04576865860535521,
        -0.27475048427252347,
        -0.04997301761516307,
        -0.05262478565174211,
        0.1388337778208448
      ],
      "all_ratios": [
        1.0,
        2.3325169563199393,
        3.218473868392854,
        3.8866862184436415,
        4.828635100228942,
        5.96519019399526,
        7.294037871217199,
        10.668602879370045
      ]
    },
    {
      "trial": 902,
      "ratio_index": 8,
      "ratio": 10.664213193666003,
      "phi_power": 5,
      "phi_n": 11.090169943749476,
      "error": 0.03840849619473568,
      "params": [
        -0.059139472983804744,
        0.1555198534147342,
        -0.11145323150080617,
        -0.17392051521728003,
        0.11067104242873174,
        -0.22746210312061999,
        -0.020412976887271617,
        0.31176811292080475
      ],
      "all_ratios": [
        1.0,
        2.33031793764981,
        3.210227369320299,
        3.8813484828306684,
        4.821170602136881,
        5.955340760255452,
        7.285845070535203,
        10.664213193666003
      ]
    }
  ]
}