Complexity,Loss,Equation
1,4.1920415e-5,"0.22683997"
3,8.881784e-17,"0.7082039 / x1"
5,4.440892e-17,"(1.4452065 / x1) * 0.4900365"
