{
  "language": "",
  {
    "name": "Python Decimal",
    "reference": 0.3333333333333333148296162562473909929394721984863281250000000000000000000000000000000000000000000000",
    "encoded": 0.0000000000000000000000000000000000000000000000000000000000000000000000000000000000000000000000000000",
    "decoded": 0.3333333333333333148296162562473909929394721984863281250000000000000000000000000000000000000000000000",
    "decimal_places": 18,
    "passed": false,
    "error": 0.0000000000000000000000000000000000000000000000000000000000000000000000000000000000000000000000000000
  }
]}
