{
  "timestamp": "2026-04-05T18:05:15",
  "results": [
    {
      "name": "E\u2088",
      "rank": 8,
      "n_params": 8,
      "n_targets": 10,
      "n_1pct": 10,
      "n_5pct": 10,
      "time_s": 86.37470984458923,
      "details": {
        "phi": 0.0018938154676389784,
        "phi2": 0.0037875950698967715,
        "phi3": 0.005681338807473389,
        "mu_e": 0.013254881377688446,
        "tau_mu": 0.013254616566069286,
        "mp_me": 0.013257940362865098,
        "alpha_inv": 0.008837385477330921,
        "sin2tw": 0.019880367386447637,
        "MZ_MW": 0.026505969170486792,
        "koide": 0.0331300830766601
      }
    },
    {
      "name": "E\u2087",
      "rank": 7,
      "n_params": 7,
      "n_targets": 10,
      "n_1pct": 10,
      "n_5pct": 10,
      "time_s": 45.55704879760742,
      "details": {
        "phi": 0.022343265276750266,
        "phi2": 0.04468153833846783,
        "phi3": 0.06701482030056984,
        "mu_e": 5.337343230421015e-07,
        "tau_mu": 0.07900822640793986,
        "mp_me": 0.1963633173126831,
        "alpha_inv": 0.2377779728913393,
        "sin2tw": 0.23295914020965014,
        "MZ_MW": 0.15604238313107197,
        "koide": 0.1578923790935327
      }
    },
    {
      "name": "E\u2086",
      "rank": 6,
      "n_params": 6,
      "n_targets": 10,
      "n_1pct": 10,
      "n_5pct": 10,
      "time_s": 18.889944076538086,
      "details": {
        "phi": 0.024249269020093108,
        "phi2": 0.048492657769695045,
        "phi3": 0.07273016767475933,
        "mu_e": 0.1283364070353942,
        "tau_mu": 0.10062630490315724,
        "mp_me": 0.09706058926123438,
        "alpha_inv": 0.0410911293000687,
        "sin2tw": 0.1283364905938577,
        "MZ_MW": 0.06710815448972111,
        "koide": 0.2491625018799848
      }
    },
    {
      "name": "D\u2088",
      "rank": 8,
      "n_params": 8,
      "n_targets": 10,
      "n_1pct": 10,
      "n_5pct": 10,
      "time_s": 92.14917469024658,
      "details": {
        "phi": 0.007056672376462601,
        "phi2": 0.014113842719176253,
        "phi3": 0.021171511063286016,
        "mu_e": 0.07416988192520786,
        "tau_mu": 0.09891662153073434,
        "mp_me": 0.07405888595169892,
        "alpha_inv": 0.024699580604849572,
        "sin2tw": 0.04938508951177351,
        "MZ_MW": 3.8746264763612065e-07,
        "koide": 0.04943387280716971
      }
    }
  ],
  "random_results": [
    {
      "name": "Random-1",
      "n_1pct": 10,
      "n_5pct": 10
    },
    {
      "name": "Random-2",
      "n_1pct": 10,
      "n_5pct": 10
    },
    {
      "name": "Random-3",
      "n_1pct": 10,
      "n_5pct": 10
    },
    {
      "name": "Random-4",
      "n_1pct": 10,
      "n_5pct": 10
    },
    {
      "name": "Random-5",
      "n_1pct": 10,
      "n_5pct": 10
    }
  ],
  "conclusion": {
    "e8_1pct": 10,
    "best_non_e8_1pct": 10,
    "e8_is_best": false
  }
}