{
  "n_1pct": 4,
  "n_5pct": 10,
  "mu": [
    0.8591989971768935,
    -2.0181354710926955,
    0.27688271809362497,
    0.7327030061523037,
    0.37098378521881875,
    -1.0134085684871668,
    -1.900006534109077,
    0.9983455621805967
  ],
  "matches": {
    "phi": {
      "ratio": 1.618883683201272,
      "error": 0.05251400510032858,
      "target": 1.618033988749895
    },
    "phi2": {
      "ratio": 2.521333156430423,
      "error": 3.6936431205633897,
      "target": 2.618033988749895
    },
    "phi3": {
      "ratio": 4.280338875008842,
      "error": 1.045094123706238,
      "target": 4.23606797749979
    },
    "mu_e": {
      "ratio": 213.77695180106804,
      "error": 3.389766211922559,
      "target": 206.768
    },
    "tau_mu": {
      "ratio": 16.81700002709544,
      "error": 1.6111933627605183e-07,
      "target": 16.817
    },
    "mp_me": {
      "ratio": 1836.1500057886242,
      "error": 3.152587802651599e-07,
      "target": 1836.15
    },
    "alpha_inv": {
      "ratio": 132.05207639027742,
      "error": 3.636944751541624,
      "target": 137.036
    },
    "sin2tw": {
      "ratio": 0.2336263621178672,
      "error": 1.045094121304093,
      "target": 0.23121
    },
    "MZ_MW": {
      "ratio": 1.134200000734845,
      "error": 6.478970654517104e-08,
      "target": 1.1342
    },
    "koide": {
      "ratio": 0.6420744831251125,
      "error": 3.6936428490906636,
      "target": 0.6667
    }
  }
}