{
  "timestamp": "2026-04-05T17:52:17",
  "random_baseline_1M": {
    "n_samples": 1000000,
    "dist_1pct_10target": [
      573765,
      326493,
      84634,
      13654,
      1343,
      108,
      3,
      0,
      0,
      0,
      0
    ],
    "dist_5pct_10target": [
      64733,
      202034,
      286461,
      241960,
      136062,
      52422,
      13714,
      2374,
      227,
      13,
      0
    ],
    "dist_1pct_14target": [
      455313,
      350157,
      143596,
      40757,
      8555,
      1435,
      172,
      15,
      0,
      0,
      0,
      0,
      0,
      0,
      0
    ],
    "p_value_10of10": 0.0,
    "p_value_9of14": 0.0
  },
  "best_14target": {
    "n_1pct": 7,
    "mu": [
      3.8847681472247584,
      0.5797714819468694,
      -0.6142696037735806,
      -0.25556533681160637,
      4.63654393157991,
      0.53059943260241,
      -1.9999656070227696,
      2.971452850592349
    ]
  },
  "solution_space": {
    "n_10of10_solutions_found": 2,
    "n_unique": 2
  }
}