{
  "n_targets": 6,
  "n_matched_5pct": 6,
  "mu": [
    0.9853098405024712,
    -2.129511792977983,
    0.32091222628489824,
    0.6969576033355537,
    0.40146261284921936,
    -1.0195515905831303,
    -1.891002775599634,
    0.9868226519965442
  ],
  "cost": 8.659802652963086e-10,
  "matches": {
    "phi": {
      "i": 7,
      "j": 8,
      "ratio": 1.6180341270284195,
      "error": 8.54608281359398e-08,
      "target": 1.618033988749895
    },
    "phi2": {
      "i": 2,
      "j": 8,
      "ratio": 2.618028292495185,
      "error": 2.175775690527687e-06,
      "target": 2.618033988749895
    },
    "phi3": {
      "i": 6,
      "j": 3,
      "ratio": 4.236066935397666,
      "error": 2.4600694069128337e-07,
      "target": 4.23606797749979
    },
    "mu_e": {
      "i": 5,
      "j": 8,
      "ratio": 206.7683411930604,
      "error": 1.6501250696101541e-06,
      "target": 206.768
    },
    "tau_mu": {
      "i": 4,
      "j": 7,
      "ratio": 16.817006780053394,
      "error": 4.031666405057283e-07,
      "target": 16.817
    },
    "mp_me": {
      "i": 5,
      "j": 1,
      "ratio": 1836.1481892509598,
      "error": 9.861661848214508e-07,
      "target": 1836.15
    }
  },
  "spectrum": [
    1.0,
    8.88021917986246,
    14.36849768850978,
    23.24866505643831,
    63.84053647269202,
    241.6351230468505,
    270.4327856900194,
    1836.1481892509598
  ]
}