{
  "mu_optimized": [
    -0.36619972442868265,
    1.4180919243007062,
    1.961680799975486,
    -1.1032669350287576,
    0.8872349227222679,
    -1.2469635999858142,
    -1.2697011795263744,
    -1.5650993474966257
  ],
  "cost": 2.6694576344035137e-12,
  "found_targets": {
    "phi": {
      "i": 6,
      "j": 4,
      "error": 2.2723604711767306e-08,
      "ratio": 1.6180339519823301
    },
    "mu_e": {
      "i": 8,
      "j": 1,
      "error": 2.3205176334472497e-09,
      "ratio": 206.7680004798088
    },
    "phi3": {
      "i": 8,
      "j": 7,
      "error": 6.55394632449751e-08,
      "ratio": 4.236068255129411
    }
  },
  "all_found": true
}