{
  "n_targets": 12,
  "n_1pct": 8,
  "n_5pct": 12,
  "mu": [
    -0.8613669386578666,
    1.9962609632949275,
    2.67395022288831,
    -1.72250059590482,
    -1.7561576244373982,
    -1.0173726992457077,
    1.1093206488389509,
    2.420624657972121
  ],
  "cost": 0.12184754047516867,
  "spectrum": [
    1.0,
    1.5140066707260116,
    4.267473118281688,
    6.857930367717689,
    11.102562632017975,
    185.65048591211848,
    209.36785012800064,
    1805.7273881123615
  ],
  "matches": {
    "phi": {
      "ratio": 1.6189377897858264,
      "error_pct": 0.055857975927300844,
      "target": 1.618033988749895
    },
    "phi2": {
      "ratio": 2.6016713695172515,
      "error_pct": 0.6249964401897045,
      "target": 2.618033988749895
    },
    "phi3": {
      "ratio": 4.267473118281688,
      "error_pct": 0.741374806747894,
      "target": 4.23606797749979
    },
    "phi4": {
      "ratio": 6.857930367717689,
      "error_pct": 0.055855624658849225,
      "target": 6.854101966249686
    },
    "mu_e": {
      "ratio": 209.36785012800064,
      "error_pct": 1.2573754778305346,
      "target": 206.768
    },
    "tau_mu": {
      "ratio": 16.721408567129615,
      "error_pct": 0.5684214358707589,
      "target": 16.817
    },
    "mp_me": {
      "ratio": 1805.7273881123615,
      "error_pct": 1.6568696396067093,
      "target": 1836.15
    },
    "alpha_inv": {
      "ratio": 138.2872705756326,
      "error_pct": 0.9130962488926914,
      "target": 137.036
    },
    "sin2tw": {
      "ratio": 0.234330708661301,
      "error_pct": 1.34972910397518,
      "target": 0.23121
    },
    "alpha_s": {
      "ratio": 0.11594654403889049,
      "error_pct": 1.6568752850801678,
      "target": 0.1179
    },
    "MZ_MW": {
      "ratio": 1.1277527720940588,
      "error_pct": 0.5684383623647788,
      "target": 1.1342
    },
    "koide": {
      "ratio": 0.6604990713287082,
      "error_pct": 0.9300927960539582,
      "target": 0.6667
    }
  }
}